<?xml version="1.0" encoding="UTF-8" ?>
<NotepadPlus>
    <InternalCommands>
        <Shortcut id="41003" Ctrl="no" Alt="no" Shift="no" Key="0" />
    </InternalCommands>
    <Macros>
        <Macro name="Trim Trailing Space and Save" Ctrl="no" Alt="yes" Shift="yes" Key="83">
            <Action type="2" message="0" wParam="42024" lParam="0" sParam="" />
            <Action type="2" message="0" wParam="41006" lParam="0" sParam="" />
        </Macro>
        <Macro name="Select Word" Ctrl="yes" Alt="no" Shift="no" Key="87">
            <Action type="0" message="2308" wParam="0" lParam="0" sParam="" />
            <Action type="0" message="2442" wParam="0" lParam="0" sParam="" />
        </Macro>
        <Macro name="JSDoc Comment" Ctrl="yes" Alt="no" Shift="yes" Key="67">
            <Action type="1" message="2170" wParam="0" lParam="0" sParam="/" />
            <Action type="1" message="2170" wParam="0" lParam="0" sParam="*" />
            <Action type="1" message="2170" wParam="0" lParam="0" sParam="*" />
            <Action type="1" message="2170" wParam="0" lParam="0" sParam=" " />
            <Action type="1" message="2170" wParam="0" lParam="0" sParam="&#x000A;" />
            <Action type="1" message="2170" wParam="0" lParam="0" sParam=" " />
            <Action type="1" message="2170" wParam="0" lParam="0" sParam="*" />
            <Action type="1" message="2170" wParam="0" lParam="0" sParam=" " />
            <Action type="0" message="2326" wParam="0" lParam="0" sParam="" />
            <Action type="1" message="2170" wParam="0" lParam="0" sParam="&#x000A;" />
            <Action type="1" message="2170" wParam="0" lParam="0" sParam=" " />
            <Action type="1" message="2170" wParam="0" lParam="0" sParam="*" />
            <Action type="1" message="2170" wParam="0" lParam="0" sParam="/" />
            <Action type="0" message="2302" wParam="0" lParam="0" sParam="" />
            <Action type="0" message="2302" wParam="0" lParam="0" sParam="" />
            <Action type="0" message="2451" wParam="0" lParam="0" sParam="" />
        </Macro>
        <Macro name="TokenKind -&gt; Keyword" Ctrl="no" Alt="no" Shift="no" Key="0">
            <Action type="0" message="2442" wParam="0" lParam="0" sParam="" />
            <Action type="0" message="2442" wParam="0" lParam="0" sParam="" />
            <Action type="0" message="2309" wParam="0" lParam="0" sParam="" />
            <Action type="0" message="2309" wParam="0" lParam="0" sParam="" />
            <Action type="0" message="2442" wParam="0" lParam="0" sParam="" />
            <Action type="0" message="2177" wParam="0" lParam="0" sParam="" />
            <Action type="0" message="2451" wParam="0" lParam="0" sParam="" />
            <Action type="0" message="2304" wParam="0" lParam="0" sParam="" />
            <Action type="1" message="2170" wParam="0" lParam="0" sParam=" " />
            <Action type="1" message="2170" wParam="0" lParam="0" sParam="=" />
            <Action type="1" message="2170" wParam="0" lParam="0" sParam=" " />
            <Action type="0" message="2179" wParam="0" lParam="0" sParam="" />
            <Action type="0" message="2453" wParam="0" lParam="0" sParam="" />
            <Action type="0" message="2442" wParam="0" lParam="0" sParam="" />
            <Action type="0" message="2442" wParam="0" lParam="0" sParam="" />
            <Action type="0" message="2326" wParam="0" lParam="0" sParam="" />
            <Action type="0" message="2326" wParam="0" lParam="0" sParam="" />
            <Action type="1" message="2170" wParam="0" lParam="0" sParam="[" />
            <Action type="1" message="2170" wParam="0" lParam="0" sParam="&apos;" />
            <Action type="0" message="2310" wParam="0" lParam="0" sParam="" />
            <Action type="0" message="2310" wParam="0" lParam="0" sParam="" />
            <Action type="0" message="2326" wParam="0" lParam="0" sParam="" />
            <Action type="1" message="2170" wParam="0" lParam="0" sParam="\" />
            <Action type="1" message="2170" wParam="0" lParam="0" sParam=" " />
            <Action type="0" message="2326" wParam="0" lParam="0" sParam="" />
            <Action type="0" message="2326" wParam="0" lParam="0" sParam="" />
            <Action type="1" message="2170" wParam="0" lParam="0" sParam="]" />
            <Action type="1" message="2170" wParam="0" lParam="0" sParam=" " />
            <Action type="0" message="2306" wParam="0" lParam="0" sParam="" />
            <Action type="0" message="2310" wParam="0" lParam="0" sParam="" />
            <Action type="1" message="2170" wParam="0" lParam="0" sParam="T" />
            <Action type="1" message="2170" wParam="0" lParam="0" sParam="o" />
            <Action type="1" message="2170" wParam="0" lParam="0" sParam="k" />
            <Action type="1" message="2170" wParam="0" lParam="0" sParam="e" />
            <Action type="1" message="2170" wParam="0" lParam="0" sParam="n" />
            <Action type="1" message="2170" wParam="0" lParam="0" sParam="K" />
            <Action type="1" message="2170" wParam="0" lParam="0" sParam="i" />
            <Action type="1" message="2170" wParam="0" lParam="0" sParam="n" />
            <Action type="1" message="2170" wParam="0" lParam="0" sParam="d" />
            <Action type="1" message="2170" wParam="0" lParam="0" sParam="." />
            <Action type="0" message="2451" wParam="0" lParam="0" sParam="" />
            <Action type="0" message="2300" wParam="0" lParam="0" sParam="" />
            <Action type="0" message="2453" wParam="0" lParam="0" sParam="" />
        </Macro>
    </Macros>
    <UserDefinedCommands>
        <Command name="Get PHP help" Ctrl="no" Alt="yes" Shift="no" Key="112">https://www.php.net/$(CURRENT_WORD)</Command>
        <Command name="Wikipedia Search" Ctrl="no" Alt="yes" Shift="no" Key="114">https://en.wikipedia.org/wiki/Special:Search?search=$(CURRENT_WORD)</Command>
        <Command name="Open selected file path in new instance" Ctrl="no" Alt="yes" Shift="no" Key="117">$(NPP_FULL_FILE_PATH) $(CURRENT_WORD) -nosession -multiInst</Command>
    </UserDefinedCommands>
    <PluginCommands />
    <ScintillaKeys />
</NotepadPlus>
