<?xml version="1.0" encoding="UTF-8" ?>
<NotepadPlus>
    <Session activeView="0">
        <mainView activeIndex="6">
            <File firstVisibleLine="0" xOffset="0" scrollWidth="1044" startPos="22" endPos="22" selMode="0" offset="0" wrapCount="1" lang="C#" encoding="-1" userReadOnly="no" filename="C:\Users\805651\Documents\Juridico.cs" backupFilePath="" originalFileLastModifTimestamp="1424102977" originalFileLastModifTimestampHigh="31148632" tabColourId="-1" RTL="no" mapFirstVisibleDisplayLine="-1" mapFirstVisibleDocLine="-1" mapLastVisibleDocLine="-1" mapNbLine="-1" mapHigherPos="-1" mapWidth="-1" mapHeight="-1" mapKByteInDoc="512" mapWrapIndentMode="-1" mapIsWrap="no" />
            <File firstVisibleLine="45" xOffset="0" scrollWidth="1952" startPos="670" endPos="670" selMode="0" offset="0" wrapCount="1" lang="None (Normal Text)" encoding="-1" userReadOnly="no" filename="C:\Users\805651\Downloads\Scratch" backupFilePath="" originalFileLastModifTimestamp="-500415762" originalFileLastModifTimestampHigh="31149244" tabColourId="-1" RTL="no" mapFirstVisibleDisplayLine="-1" mapFirstVisibleDocLine="-1" mapLastVisibleDocLine="-1" mapNbLine="-1" mapHigherPos="-1" mapWidth="-1" mapHeight="-1" mapKByteInDoc="512" mapWrapIndentMode="-1" mapIsWrap="no" />
            <File firstVisibleLine="0" xOffset="0" scrollWidth="1016" startPos="2762" endPos="2762" selMode="0" offset="0" wrapCount="1" lang="C#" encoding="-1" userReadOnly="yes" filename="C:\Users\805651\Documents\Bibliotecas\TemplateMyAthus.cs" backupFilePath="" originalFileLastModifTimestamp="1900468142" originalFileLastModifTimestampHigh="31144580" tabColourId="-1" RTL="no" mapFirstVisibleDisplayLine="-1" mapFirstVisibleDocLine="-1" mapLastVisibleDocLine="-1" mapNbLine="-1" mapHigherPos="-1" mapWidth="-1" mapHeight="-1" mapKByteInDoc="512" mapWrapIndentMode="-1" mapIsWrap="no">
                <Fold line="9" />
            </File>
            <File firstVisibleLine="5" xOffset="0" scrollWidth="992" startPos="2470" endPos="2470" selMode="0" offset="0" wrapCount="1" lang="C#" encoding="-1" userReadOnly="yes" filename="C:\Users\805651\Documents\Bibliotecas\StreamLogger.cs" backupFilePath="" originalFileLastModifTimestamp="1464153454" originalFileLastModifTimestampHigh="31144607" tabColourId="-1" RTL="no" mapFirstVisibleDisplayLine="-1" mapFirstVisibleDocLine="-1" mapLastVisibleDocLine="-1" mapNbLine="-1" mapHigherPos="-1" mapWidth="-1" mapHeight="-1" mapKByteInDoc="512" mapWrapIndentMode="-1" mapIsWrap="no" />
            <File firstVisibleLine="0" xOffset="0" scrollWidth="936" startPos="11" endPos="11" selMode="0" offset="0" wrapCount="1" lang="C#" encoding="-1" userReadOnly="yes" filename="C:\Users\805651\Documents\Bibliotecas\CSVUtils.cs" backupFilePath="" originalFileLastModifTimestamp="1851524720" originalFileLastModifTimestampHigh="31148837" tabColourId="-1" RTL="no" mapFirstVisibleDisplayLine="-1" mapFirstVisibleDocLine="-1" mapLastVisibleDocLine="-1" mapNbLine="-1" mapHigherPos="-1" mapWidth="-1" mapHeight="-1" mapKByteInDoc="512" mapWrapIndentMode="-1" mapIsWrap="no" />
            <File firstVisibleLine="0" xOffset="0" scrollWidth="584" startPos="1846" endPos="1850" selMode="0" offset="0" wrapCount="1" lang="None (Normal Text)" encoding="-1" userReadOnly="no" filename="C:\Users\805651\Downloads\QAS_legalone_defaults.txt" backupFilePath="" originalFileLastModifTimestamp="-1699537546" originalFileLastModifTimestampHigh="31149390" tabColourId="-1" RTL="no" mapFirstVisibleDisplayLine="-1" mapFirstVisibleDocLine="-1" mapLastVisibleDocLine="-1" mapNbLine="-1" mapHigherPos="-1" mapWidth="-1" mapHeight="-1" mapKByteInDoc="512" mapWrapIndentMode="-1" mapIsWrap="no" />
            <File firstVisibleLine="0" xOffset="0" scrollWidth="651" startPos="216" endPos="216" selMode="0" offset="0" wrapCount="1" lang="None (Normal Text)" encoding="-1" userReadOnly="no" filename="new 1" backupFilePath="C:\Users\805651\AppData\Roaming\Notepad++\backup\new 1@2024-12-13_090818" originalFileLastModifTimestamp="0" originalFileLastModifTimestampHigh="0" tabColourId="-1" RTL="no" mapFirstVisibleDisplayLine="-1" mapFirstVisibleDocLine="-1" mapLastVisibleDocLine="-1" mapNbLine="-1" mapHigherPos="-1" mapWidth="-1" mapHeight="-1" mapKByteInDoc="512" mapWrapIndentMode="-1" mapIsWrap="no" />
        </mainView>
        <subView activeIndex="0" />
    </Session>
</NotepadPlus>
