<?xml version="1.0" encoding="UTF-8" ?>
<NotepadPlus>
    <InternalCommands>
        <Shortcut id="41003" Ctrl="no" Alt="no" Shift="no" Key="0" />
        <Shortcut id="42008" Ctrl="yes" Alt="no" Shift="no" Key="221" />
        <Shortcut id="42009" Ctrl="yes" Alt="no" Shift="no" Key="219" />
        <Shortcut id="42022" Ctrl="yes" Alt="no" Shift="no" Key="191" />
        <Shortcut id="42035" Ctrl="no" Alt="no" Shift="no" Key="0" />
        <Shortcut id="42036" Ctrl="no" Alt="no" Shift="no" Key="0" />
        <Shortcut id="42023" Ctrl="no" Alt="no" Shift="no" Key="0" />
        <Shortcut id="42020" Ctrl="yes" Alt="no" Shift="no" Key="32" />
        <Shortcut id="50000" Ctrl="no" Alt="no" Shift="no" Key="0" />
        <Shortcut id="42024" Ctrl="yes" Alt="no" Shift="yes" Key="88" />
        <Shortcut id="42013" Ctrl="no" Alt="no" Shift="no" Key="0" />
        <Shortcut id="42095" Ctrl="no" Alt="no" Shift="no" Key="0" />
        <Shortcut id="42096" Ctrl="no" Alt="no" Shift="no" Key="0" />
        <Shortcut id="42098" Ctrl="yes" Alt="no" Shift="no" Key="85" />
        <Shortcut id="42017" Ctrl="yes" Alt="no" Shift="no" Key="76" />
        <Shortcut id="42099" Ctrl="yes" Alt="no" Shift="no" Key="75" />
        <Shortcut id="42097" Ctrl="yes" Alt="no" Shift="no" Key="68" />
    </InternalCommands>
    <Macros>
        <Macro name="Trim Trailing Space and Save" Ctrl="no" Alt="yes" Shift="yes" Key="83">
            <Action type="2" message="0" wParam="42024" lParam="0" sParam="" />
            <Action type="2" message="0" wParam="41006" lParam="0" sParam="" />
        </Macro>
        <Macro name="Select Word" Ctrl="yes" Alt="no" Shift="no" Key="87">
            <Action type="0" message="2308" wParam="0" lParam="0" sParam="" />
            <Action type="0" message="2442" wParam="0" lParam="0" sParam="" />
        </Macro>
        <Macro name="JSDoc Comment" Ctrl="yes" Alt="no" Shift="yes" Key="67">
            <Action type="1" message="2170" wParam="0" lParam="0" sParam="/" />
            <Action type="1" message="2170" wParam="0" lParam="0" sParam="*" />
            <Action type="1" message="2170" wParam="0" lParam="0" sParam="*" />
            <Action type="1" message="2170" wParam="0" lParam="0" sParam=" " />
            <Action type="1" message="2170" wParam="0" lParam="0" sParam="&#x000A;" />
            <Action type="1" message="2170" wParam="0" lParam="0" sParam=" " />
            <Action type="1" message="2170" wParam="0" lParam="0" sParam="*" />
            <Action type="1" message="2170" wParam="0" lParam="0" sParam=" " />
            <Action type="0" message="2326" wParam="0" lParam="0" sParam="" />
            <Action type="1" message="2170" wParam="0" lParam="0" sParam="&#x000A;" />
            <Action type="1" message="2170" wParam="0" lParam="0" sParam=" " />
            <Action type="1" message="2170" wParam="0" lParam="0" sParam="*" />
            <Action type="1" message="2170" wParam="0" lParam="0" sParam="/" />
            <Action type="0" message="2302" wParam="0" lParam="0" sParam="" />
            <Action type="0" message="2302" wParam="0" lParam="0" sParam="" />
            <Action type="0" message="2451" wParam="0" lParam="0" sParam="" />
        </Macro>
        <Macro name="TokenKind -&gt; Keyword" Ctrl="no" Alt="no" Shift="no" Key="0">
            <Action type="0" message="2442" wParam="0" lParam="0" sParam="" />
            <Action type="0" message="2442" wParam="0" lParam="0" sParam="" />
            <Action type="0" message="2309" wParam="0" lParam="0" sParam="" />
            <Action type="0" message="2309" wParam="0" lParam="0" sParam="" />
            <Action type="0" message="2442" wParam="0" lParam="0" sParam="" />
            <Action type="0" message="2177" wParam="0" lParam="0" sParam="" />
            <Action type="0" message="2451" wParam="0" lParam="0" sParam="" />
            <Action type="0" message="2304" wParam="0" lParam="0" sParam="" />
            <Action type="1" message="2170" wParam="0" lParam="0" sParam=" " />
            <Action type="1" message="2170" wParam="0" lParam="0" sParam="=" />
            <Action type="1" message="2170" wParam="0" lParam="0" sParam=" " />
            <Action type="0" message="2179" wParam="0" lParam="0" sParam="" />
            <Action type="0" message="2453" wParam="0" lParam="0" sParam="" />
            <Action type="0" message="2442" wParam="0" lParam="0" sParam="" />
            <Action type="0" message="2442" wParam="0" lParam="0" sParam="" />
            <Action type="0" message="2326" wParam="0" lParam="0" sParam="" />
            <Action type="0" message="2326" wParam="0" lParam="0" sParam="" />
            <Action type="1" message="2170" wParam="0" lParam="0" sParam="[" />
            <Action type="1" message="2170" wParam="0" lParam="0" sParam="&apos;" />
            <Action type="0" message="2310" wParam="0" lParam="0" sParam="" />
            <Action type="0" message="2310" wParam="0" lParam="0" sParam="" />
            <Action type="0" message="2326" wParam="0" lParam="0" sParam="" />
            <Action type="1" message="2170" wParam="0" lParam="0" sParam="\" />
            <Action type="1" message="2170" wParam="0" lParam="0" sParam=" " />
            <Action type="0" message="2326" wParam="0" lParam="0" sParam="" />
            <Action type="0" message="2326" wParam="0" lParam="0" sParam="" />
            <Action type="1" message="2170" wParam="0" lParam="0" sParam="]" />
            <Action type="1" message="2170" wParam="0" lParam="0" sParam=" " />
            <Action type="0" message="2306" wParam="0" lParam="0" sParam="" />
            <Action type="0" message="2310" wParam="0" lParam="0" sParam="" />
            <Action type="1" message="2170" wParam="0" lParam="0" sParam="T" />
            <Action type="1" message="2170" wParam="0" lParam="0" sParam="o" />
            <Action type="1" message="2170" wParam="0" lParam="0" sParam="k" />
            <Action type="1" message="2170" wParam="0" lParam="0" sParam="e" />
            <Action type="1" message="2170" wParam="0" lParam="0" sParam="n" />
            <Action type="1" message="2170" wParam="0" lParam="0" sParam="K" />
            <Action type="1" message="2170" wParam="0" lParam="0" sParam="i" />
            <Action type="1" message="2170" wParam="0" lParam="0" sParam="n" />
            <Action type="1" message="2170" wParam="0" lParam="0" sParam="d" />
            <Action type="1" message="2170" wParam="0" lParam="0" sParam="." />
            <Action type="0" message="2451" wParam="0" lParam="0" sParam="" />
            <Action type="0" message="2300" wParam="0" lParam="0" sParam="" />
            <Action type="0" message="2453" wParam="0" lParam="0" sParam="" />
        </Macro>
        <Macro name="Hide Block" Ctrl="no" Alt="no" Shift="no" Key="0">
            <Action type="2" message="0" wParam="42020" lParam="0" sParam="" />
            <Action type="0" message="2025" wParam="6175" lParam="0" sParam="" />
            <Action type="2" message="0" wParam="43009" lParam="0" sParam="" />
            <Action type="0" message="2422" wParam="0" lParam="0" sParam="" />
            <Action type="2" message="0" wParam="42020" lParam="0" sParam="" />
        </Macro>
    </Macros>
    <UserDefinedCommands>
        <Command name="Get PHP help" Ctrl="no" Alt="yes" Shift="no" Key="112">https://www.php.net/$(CURRENT_WORD)</Command>
        <Command name="Wikipedia Search" Ctrl="no" Alt="yes" Shift="no" Key="114">https://en.wikipedia.org/wiki/Special:Search?search=$(CURRENT_WORD)</Command>
        <Command name="Open selected file path in new instance" Ctrl="no" Alt="yes" Shift="no" Key="117">$(NPP_FULL_FILE_PATH) $(CURRENT_WORD) -nosession -multiInst</Command>
    </UserDefinedCommands>
    <PluginCommands />
    <ScintillaKeys>
        <ScintKey ScintID="2308" menuCmdID="0" Ctrl="no" Alt="yes" Shift="no" Key="37">
            <NextKey Ctrl="yes" Alt="no" Shift="no" Key="37" />
        </ScintKey>
        <ScintKey ScintID="2310" menuCmdID="0" Ctrl="no" Alt="yes" Shift="no" Key="39">
            <NextKey Ctrl="yes" Alt="no" Shift="no" Key="39" />
        </ScintKey>
        <ScintKey ScintID="2413" menuCmdID="0" Ctrl="no" Alt="no" Shift="no" Key="0" />
        <ScintKey ScintID="2415" menuCmdID="0" Ctrl="no" Alt="no" Shift="no" Key="0" />
        <ScintKey ScintID="2390" menuCmdID="0" Ctrl="no" Alt="no" Shift="no" Key="0" />
        <ScintKey ScintID="2455" menuCmdID="0" Ctrl="no" Alt="no" Shift="no" Key="0" />
        <ScintKey ScintID="2288" menuCmdID="0" Ctrl="yes" Alt="no" Shift="no" Key="74" />
        <ScintKey ScintID="2469" menuCmdID="0" Ctrl="yes" Alt="yes" Shift="no" Key="68" />
        <ScintKey ScintID="2337" menuCmdID="0" Ctrl="no" Alt="no" Shift="no" Key="0" />
    </ScintillaKeys>
</NotepadPlus>
